bowler,bowling_style,batting_style,playing_role,balls_bowled
R Ashwin,Right arm Offbreak,Right hand Bat,Bowling Allrounder,4868
B Kumar,Right arm Medium,Right hand Bat,Bowler,4769
SP Narine,Right arm Offbreak,Left hand Bat,Bowling Allrounder,4730
RA Jadeja,Slow Left arm Orthodox,Left hand Bat,Allrounder,4329
YS Chahal,Legbreak Googly,Right hand Bat,Bowler,4167
PP Chawla,Legbreak,Left hand Bat,Bowling Allrounder,3895
JJ Bumrah,Right arm Fast,Right hand Bat,Bowler,3792
AR Patel,Slow Left arm Orthodox,Left hand Bat,Bowling Allrounder,3639
Rashid Khan,Legbreak Googly,Right hand Bat,Bowling Allrounder,3585
Harbhajan Singh,Right arm Offbreak,Right hand Bat,Bowler,3496
A Mishra,Legbreak,Right hand Bat,Bowler,3444
DJ Bravo,Right arm Medium,Right hand Bat,Allrounder,3296
Sandeep Sharma,Right arm Medium,Right hand Bat,Bowler,3295
UT Yadav,Right arm Fast,Right hand Bat,Bowler,3190
Mohammed Shami,Right arm Fast,Right hand Bat,Bowler,3035
SL Malinga,Right arm Fast,Right hand Bat,Bowler,2974
TA Boult,Left arm Fast medium,Right hand Bat,Bowler,2892
Mohammed Siraj,Right arm Fast,Right hand Bat,Bowler,2834
KH Pandya,Slow Left arm Orthodox,Left hand Bat,Allrounder,2779
HV Patel,Right arm Medium,Right hand Bat,Bowler,2654
P Kumar,Right arm Medium,Right hand Bat,Bowler,2637
I Sharma,Right arm Fast medium,Right hand Bat,Bowler,2546
MM Sharma,Right arm Medium,Right hand Bat,Bowler,2471
JD Unadkat,Left arm Medium,Right hand Bat,Bowler,2418
K Rabada,Right arm Fast,Left hand Bat,Bowler,2395
SN Thakur,Right arm Medium,Right hand Bat,Bowler,2355
Kuldeep Yadav,Left arm Wrist spin,Left hand Bat,Bowler,2336
DW Steyn,Right arm Fast,Right hand Bat,Bowler,2282
Z Khan,Left arm Fast medium,Right hand Bat,Bowler,2276
CV Varun,Legbreak Googly,Right hand Bat,Bowler,2187
R Vinay Kumar,Right arm Medium,Right hand Bat,Bowler,2186
DL Chahar,Right arm Medium,Right hand Bat,Bowler,2171
Arshdeep Singh,Left arm Medium fast,Left hand Bat,Bowler,2167
SR Watson,Right arm Fast medium,Right hand Bat,Allrounder,2137
IK Pathan,Left arm Medium fast,Left hand Bat,Allrounder,2113
A Nehra,Left arm Medium fast,Right hand Bat,Bowler,1974
PP Ojha,Slow Left arm Orthodox,Left hand Bat,Bowler,1945
AD Russell,Right arm Fast,Right hand Bat,Allrounder,1885
PJ Cummins,Right arm Fast,Right hand Bat,Bowler,1883
DS Kulkarni,Right arm Medium,Right hand Bat,Bowler,1876
RP Singh,Left arm Fast medium,Right hand Bat,Bowler,1874
HH Pandya,Right arm Medium fast,Right hand Bat,Allrounder,1865
Ravi Bishnoi,Legbreak Googly,Right hand Bat,Bowler,1857
Avesh Khan,Right arm Fast medium,Right hand Bat,Bowler,1840
M Prasidh Krishna,Right arm Fast medium,Right hand Bat,Bowler,1837
JA Morkel,Right arm Medium fast,Left hand Bat,Bowling Allrounder,1807
CH Morris,Right arm Fast medium,Right hand Bat,Bowling Allrounder,1801
JH Kallis,Right arm Fast medium,Right hand Bat,Allrounder,1799
KK Ahmed,Left arm Medium,Right hand Bat,Bowler,1741
RD Chahar,Legbreak Googly,Right hand Bat,Bowler,1728
M Morkel,Right arm Fast,Left hand Bat,Bowler,1699
R Bhatia,Right arm Medium fast,Right hand Bat,Allrounder,1661
JC Archer,Right arm Fast,Right hand Bat,Bowler,1658
T Natarajan,Left arm Medium,Left hand Bat,Bowler,1631
KV Sharma,Legbreak Googly,Left hand Bat,Bowler,1611
AB Dinda,Right arm Medium fast,Right hand Bat,Bowler,1589
KA Pollard,Right arm Medium,Right hand Bat,Batting Allrounder,1586
M Muralitharan,Right arm Offbreak,Right hand Bat,Bowler,1581
L Balaji,Right arm Medium fast,Right hand Bat,Bowler,1574
SK Trivedi,Right arm Medium,Right hand Bat,Bowler,1557
Shakib Al Hasan,Slow Left arm Orthodox,Left hand Bat,Allrounder,1515
S Nadeem,Slow Left arm Orthodox,Right hand Bat,Bowler,1444
Mustafizur Rahman,Left arm Fast medium,Left hand Bat,Bowler,1419
MM Patel,Right arm Medium fast,Right hand Bat,Bowler,1382
MJ McClenaghan,Left arm Fast medium,Left hand Bat,Bowler,1346
Imran Tahir,Legbreak Googly,Right hand Bat,Bowler,1340
SM Curran,Left arm Medium fast,Left hand Bat,Allrounder,1308
MG Johnson,Left arm Fast,Left hand Bat,Bowler,1301
JP Faulkner,Left arm Fast medium,Right hand Bat,Bowling Allrounder,1287
JO Holder,Right arm Medium fast,Right hand Bat,Bowling Allrounder,1285
MA Starc,Left arm Fast,Left hand Bat,Bowler,1264
TG Southee,Right arm Medium fast,Right hand Bat,Bowler,1262
S Kaul,Right arm Medium,Right hand Bat,Bowler,1238
SK Warne,Legbreak Googly,Right hand Bat,Bowler,1223
JR Hazlewood,Right arm Fast medium,Left hand Bat,Bowler,1214
TU Deshpande,Right arm Medium,Left hand Bat,Bowler,1194
Washington Sundar,Right arm Offbreak,Left hand Bat,Bowling Allrounder,1186
YK Pathan,Right arm Offbreak,Right hand Bat,Allrounder,1184
M Kartik,Slow Left arm Orthodox,Left hand Bat,Bowler,1182
A Nortje,Right arm Fast,Right hand Bat,Bowler,1169
LH Ferguson,Right arm Fast,Right hand Bat,Bowler,1148
Noor Ahmad,Left arm Wrist spin,Right hand Bat,Bowler,1141
SB Jakati,Slow Left arm Orthodox,Left hand Bat,Bowler,1101
M Jansen,Left arm Fast,Right hand Bat,Bowling Allrounder,1081
VR Aaron,Right arm Fast,Right hand Bat,Bowler,1065
GJ Maxwell,Right arm Offbreak,Right hand Bat,Batting Allrounder,1047
S Gopal,Legbreak,Right hand Bat,Allrounder,1000
A Kumble,Legbreak Googly,Right hand Bat,Bowler,983
MC Henriques,Right arm Fast medium,Right hand Bat,Allrounder,979
MP Stoinis,Right arm Medium,Right hand Bat,Batting Allrounder,975
S Sreesanth,Right arm Fast medium,Right hand Bat,Bowler,947
Iqbal Abdulla,Slow Left arm Orthodox,Left hand Bat,Allrounder,943
R Sharma,Legbreak Googly,Right hand Bat,Bowler,935
VG Arora,Right arm Fast medium,Right hand Bat,Bowler,931
SK Raina,Right arm Offbreak,Left hand Bat,Middle order Batter,930
MS Gony,Right arm Medium,Right hand Bat,Bowler,925
DT Christian,Right arm Fast medium,Right hand Bat,Allrounder,922
Yash Dayal,Left arm Medium fast,Right hand Bat,Bowler,920
B Lee,Right arm Fast,Right hand Bat,Bowler,916
PJ Sangwan,Left arm Medium,Right hand Bat,Bowler,905
M Theekshana,Right arm Offbreak,Right hand Bat,Bowler,902
M Ashwin,Legbreak Googly,Right hand Bat,Bowler,898
NM Coulter-Nile,Right arm Fast,Right hand Bat,Bowling Allrounder,892
Yuvraj Singh,Slow Left arm Orthodox,Left hand Bat,Middle order Batter,882
Mukesh Kumar,Right arm Medium,Right hand Bat,Bowler,879
Harpreet Brar,Slow Left arm Orthodox,Left hand Bat,Bowler,875
MM Ali,Right arm Offbreak,Left hand Bat,Batting Allrounder,869
R Tewatia,Legbreak,Left hand Bat,Bowling Allrounder,866
RJ Harris,Right arm Fast,Right hand Bat,Bowler,865
Suyash Sharma,Legbreak Googly,Right hand Bat,Bowler,822
AB Agarkar,Right arm Fast,Right hand Bat,Bowler,820
PWH de Silva,Legbreak,Right hand Bat,Allrounder,808
AD Mathews,Right arm Medium,Right hand Bat,Allrounder,807
M Pathirana,Right arm Medium,Right hand Bat,Bowler,797
S Aravind,Left arm Medium fast,Left hand Bat,Bowler,788
DL Vettori,Slow Left arm Orthodox,Left hand Bat,Allrounder,785
Kartik Tyagi,Right arm Fast,Right hand Bat,Bowler,775
P Awana,Right arm Medium,Right hand Bat,Bowler,774
M Markande,Legbreak,Right hand Bat,Bowler,768
WD Parnell,Left arm Medium fast,Left hand Bat,Bowler,758
P Negi,Slow Left arm Orthodox,Left hand Bat,Bowler,733
BA Stokes,Right arm Fast medium,Left hand Bat,Allrounder,723
CJ Jordan,Right arm Fast medium,Right hand Bat,Bowler,717
NLTC Perera,Right arm Medium fast,Left hand Bat,Bowling Allrounder,715
AJ Tye,Right arm Medium fast,Right hand Bat,Bowler,714
J Botha,Right arm Offbreak,Right hand Bat,Allrounder,709
MJ Santner,Slow Left arm Orthodox,Left hand Bat,Bowling Allrounder,704
Navdeep Saini,Right-arm fast,Right-hand bat,Bowler,701
JP Duminy,Right arm Offbreak,Left hand Bat,Batting Allrounder,701
R Dhawan,Right arm Medium fast,Right hand Bat,Allrounder,693
DP Nannes,Left arm Fast,Right hand Bat,Bowler,689
Shivam Mavi,Right arm Fast medium,Right hand Bat,Bowler,687
Harshit Rana,Right arm Medium fast,Right hand Bat,Bowler,679
Mohsin Khan,Left arm Medium fast,Left hand Bat,,678
Shahbaz Ahmed,Slow Left arm Orthodox,Left hand Bat,Allrounder,675
PV Tambe,Legbreak,Right hand Bat,Bowler,674
L Ngidi,Right arm Fast medium,Right hand Bat,Bowler,645
STR Binny,Right arm Medium,Right hand Bat,Allrounder,611
C Green,Right arm Fast medium,Right hand Bat,Batting Allrounder,603
DE Bollinger,Left arm Fast medium,Left hand Bat,Bowler,600
KK Cooper,Right arm Medium,Right hand Bat,Allrounder,600
K Gowtham,Right arm Offbreak,Right hand Bat,Bowling Allrounder,599
MR Marsh,Right arm Medium,Right hand Bat,Allrounder,593
CH Gayle,Right arm Offbreak,Left hand Bat,Allrounder,584
Harmeet Singh,Right arm Medium,Right hand Bat,Bowler,574
AS Rajpoot,Right arm Medium,Right hand Bat,Bowler,567
DS Rathi,Unknown,Unknown,Unknown,561
DR Smith,Right arm Medium,Right hand Bat,Allrounder,557
Azhar Mahmood,Right arm Fast medium,Right hand Bat,Bowling Allrounder,552
Vijaykumar Vyshak,Right arm Medium,Right hand Bat,Bowler,550
A Symonds,"Right arm Medium, Right arm Offbreak",Right hand Bat,Allrounder,540
Basil Thampi,Right arm Fast medium,Right hand Bat,Bowler,539
SW Tait,Right arm Fast,Right hand Bat,Bowler,534
Umran Malik,Right arm Fast,Right hand Bat,Bowler,519
Rasikh Salam,Right arm Medium,Right hand Bat,Bowler,517
BB Sran,Left arm Medium,Left hand Bat,Bowler,516
E Malinga,Right-arm fast-medium,Left-hand bat,,516
A Kamboj,Right arm Medium,Right hand Bat,Allrounder,513
Mukesh Choudhary,Left arm Medium,Left hand Bat,Bowler,512
Yash Thakur,Right arm Medium,Right hand Bat,,501
A Singh,Right arm Medium fast,Right hand Bat,Bowler,486
C Sakariya,Left arm Medium fast,Left hand Bat,Bowler,479
R Sai Kishore,Slow Left arm Orthodox,Left hand Bat,Bowler,477
A Zampa,Legbreak Googly,Right hand Bat,Bowler,475
Prince Yadav,Right-arm fast,Right-hand bat,,475
IC Pandey,Right arm Medium,Right hand Bat,Bowler,469
GB Hogg,Left arm Wrist spin,Left hand Bat,Allrounder,466
Mujeeb Ur Rahman,Right arm Offbreak,Right hand Bat,Bowler,465
CR Woakes,Right arm Fast medium,Right hand Bat,Allrounder,463
RE van der Merwe,Slow Left arm Orthodox,Right hand Bat,Allrounder,455
AS Joseph,Right arm Fast,Right hand Bat,Bowler,454
RR Powar,Right arm Offbreak,Right hand Bat,Bowler,443
MF Maharoof,Right arm Fast medium,Right hand Bat,Allrounder,441
Bipul Sharma,Slow Left arm Orthodox,Left hand Bat,Allrounder,436
J Suchith,Slow Left arm Orthodox,Left hand Bat,Bowler,434
Anureet Singh,Right arm Medium,Right hand Bat,Bowler,430
PVD Chameera,Right arm Fast,Right hand Bat,Bowler,420
Mohammad Nabi,Right arm Offbreak,Right hand Bat,Allrounder,419
RP Meredith,Right arm Fast,Right hand Bat,Bowler,415
Naveen-ul-Haq,Right arm Medium fast,Right hand Bat,Bowler,407
Arshad Khan,Right arm Offbreak,Right hand Bat,Bowler,400
J Yadav,Right arm Offbreak,Right hand Bat,Bowler,398
DJ Hooda,Right arm Offbreak,Right hand Bat,Allrounder,391
BW Hilfenhaus,Right arm Fast medium,Right hand Bat,Bowler,390
NT Ellis,Right arm Fast medium,Right hand Bat,Bowler,390
DR Sams,Left arm Fast medium,Right hand Bat,Allrounder,389
N Burger,Left arm Medium fast,Left hand Bat,Bowling Allrounder,383
R Shepherd,Right arm Fast medium,Right hand Bat,Bowling Allrounder,381
JP Behrendorff,Left arm Fast medium,Right hand Bat,Bowler,379
Akash Madhwal,Right arm Medium fast,Right hand Bat,Bowler,376
Ankit Sharma,Slow Left arm Orthodox,Left hand Bat,Bowler,375
Abhishek Sharma,Slow Left arm Orthodox,Left hand Bat,Allrounder,374
R McLaren,Right arm Medium fast,Left hand Bat,Allrounder,372
VRV Singh,Right arm Medium fast,Right hand Bat,,371
Azmatullah Omarzai,Right arm Medium fast,Right hand Bat,Allrounder,369
JR Hopes,Right arm Medium,Right hand Bat,Allrounder,369
AN Ahmed,Right arm Medium fast,Right hand Bat,Bowler,362
VY Mahesh,Right arm Medium fast,Right hand Bat,Allrounder,359
AS Roy,Slow Left arm Orthodox,Left hand Bat,Allrounder,351
Nithish Kumar Reddy,Right arm Medium fast,Right hand Bat,Batting Allrounder,349
RG Sharma,Right arm Offbreak,Right hand Bat,Top order Batter,349
KW Richardson,Right arm Fast medium,Right hand Bat,Bowler,345
R Parag,Legbreak,Right hand Bat,Top order Batter,334
GD McGrath,Right arm Fast medium,Right hand Bat,Bowler,329
AC Thomas,Right arm Fast medium,Right hand Bat,Bowler,327
LR Shukla,Right arm Medium,Right hand Bat,Allrounder,326
DJ Hussey,Right arm Offbreak,Right hand Bat,Allrounder,323
LS Livingstone,Legbreak,Right hand Bat,Batting Allrounder,321
KA Jamieson,Right arm Fast medium,Right hand Bat,Bowler,315
CJ Anderson,Left arm Medium fast,Left hand Bat,Batting Allrounder,315
A Mithun,Right arm Medium,Right hand Bat,Bowler,312
Pankaj Singh,Right arm Medium fast,Right hand Bat,Bowler,311
AD Mascarenhas,Right arm Fast medium,Right hand Bat,Allrounder,310
D Wiese,Right arm Medium fast,Right hand Bat,Allrounder,307
SJ Srivastava,Left arm Fast medium,Right hand Bat,Bowler,306
BA Bhatt,Slow Left arm Orthodox,Left hand Bat,Bowler,303
Akash Deep,Right arm Fast medium,Right hand Bat,Bowling Allrounder,302
V Nigam,Legbreak,Right-hand bat,,301
ST Jayasuriya,Slow Left arm Orthodox,Left hand Bat,Allrounder,301
Brijesh Sharma,Unknown,Unknown,Unknown,297
Lalit Yadav,Right arm Offbreak,Right hand Bat,Allrounder,294
G Coetzee,Right arm Fast,Right hand Bat,Bowler,292
K Kartikeya,"Slow Left arm Orthodox, Left arm Wrist spin",Right hand Bat,Bowler,290
WPUJC Vaas,Left arm Fast medium,Left hand Bat,Bowler,288
BCJ Cutting,Right arm Fast medium,Right hand Bat,Allrounder,288
SM Pollock,Right arm Fast medium,Right hand Bat,Allrounder,280
SC Ganguly,Right arm Medium,Left hand Bat,Batter,280
R Rampaul,Right arm Fast medium,Left hand Bat,Bowler,278
TM Dilshan,Right arm Offbreak,Right hand Bat,Allrounder,275
Sakib Hussain,Right arm Medium,Right hand Bat,,274
Joginder Sharma,Right arm Fast medium,Right hand Bat,Allrounder,272
A Ashish Reddy,Right arm Medium,Right hand Bat,Allrounder,270
XC Bartlett,Right arm Fast medium,Right hand Bat,Bowler,269
AG Murtaza,Slow Left arm Orthodox,Left hand Bat,Bowler,269
Fazalhaq Farooqi,Left arm Fast medium,Right hand Bat,Bowler,266
CR Brathwaite,Right arm Fast medium,Right hand Bat,Allrounder,266
Sohail Tanvir,Left arm Medium fast,Left hand Bat,Bowler,265
V Kohli,Right arm Medium,Right hand Bat,Top order Batter,264
S Badree,Legbreak,Right hand Bat,Bowler,263
V Shankar,Right arm Medium,Right hand Bat,Allrounder,258
Simarjeet Singh,Right arm Medium fast,Right hand Bat,Bowler,256
Akash Singh,Left arm Medium fast,Right hand Bat,Bowler,256
AA Chavan,Slow Left arm Orthodox,Left hand Bat,Batter,255
KR Sen,Right arm Fast,Right hand Bat,Bowler,255
TK Curran,Right arm Fast medium,Right hand Bat,Bowling Allrounder,252
CRD Fernando,Right arm Fast medium,Right hand Bat,Bowler,249
BAW Mendis,Right arm Offbreak,Right hand Bat,Bowler,248
DJG Sammy,Right arm Medium,Right hand Bat,Allrounder,244
JDP Oram,Right arm Fast medium,Left hand Bat,Allrounder,244
SH Johnson,Left arm Fast medium,Left hand Bat,Bowler,243
JD Ryder,Right arm Medium,Left hand Bat,Allrounder,241
Shivang Kumar,Unknown,Unknown,Unknown,240
AM Nayar,Right arm Medium,Left hand Bat,Allrounder,239
BJ Hodge,Right arm Offbreak,Right hand Bat,Top order Batter,238
AF Milne,Right arm Fast,Right hand Bat,Bowler,238
AM Ghazanfar,Right-arm offbreak,Right-hand bat,,237
J Little,Left arm Fast medium,Right hand Bat,Bowler,236
J Theron,Right arm Medium fast,Right hand Bat,Bowler,235
A Chandila,Right arm Offbreak,Right hand Bat,Allrounder,234
MP Yadav,Right arm Medium fast,Right hand Bat,Bowler,230
AK Markram,Right arm Offbreak,Right hand Bat,Opening Batter,230
C de Grandhomme,Right arm Medium fast,Right hand Bat,Allrounder,230
KC Cariappa,Legbreak,Right hand Bat,Bowler,224
N Rana,"Right arm Medium, Right arm Offbreak",Left hand Bat,Middle order Batter,223
JDS Neesham,Right arm Medium fast,Left hand Bat,Batting Allrounder,222
SB Styris,Right arm Medium,Right hand Bat,Allrounder,222
JL Pattinson,Right arm Fast medium,Left hand Bat,Bowler,222
YA Abdulla,Left arm Fast medium,Left hand Bat,Bowler,222
KP Appanna,Slow Left arm Orthodox,Right hand Bat,,222
Y Venugopal Rao,Right arm Offbreak,Right hand Bat,Middle order Batter,222
DJ Willey,Left arm Fast medium,Left hand Bat,Bowling Allrounder,221
S Tyagi,Right arm Medium,Right hand Bat,Bowler,220
MN Samuels,Right arm Offbreak,Right hand Bat,Top order Batter,219
TS Mills,Left arm Fast,Right hand Bat,Bowler,218
J Overton,Right arm Fast,Right hand Bat,Bowling Allrounder,217
RS Bopara,Right arm Medium,Right hand Bat,Batting Allrounder,213
M Ntini,Right arm Fast,Right hand Bat,Bowler,213
HR Shokeen,Right arm Offbreak,Right hand Bat,Bowler,213
Karanveer Singh,Legbreak Googly,Right hand Bat,,213
VS Malik,Right arm Medium,Right hand Bat,Bowler,212
S Lamichhane,Legbreak Googly,Right hand Bat,Bowler,211
V Pratap Singh,Right arm Medium,Right hand Bat,,211
S Kaushik,Left arm Wrist spin,Right hand Bat,Bowler,210
Zeeshan Ansari,Legbreak Googly,Right hand Bat,,209
WG Jacks,Right arm Offbreak,Right hand Bat,Batter,203
Parvez Rasool,Right arm Offbreak,Right hand Bat,Bowling Allrounder,200
Harsh Dubey,Slow Left arm Orthodox,Left hand Bat,,200
Mohammad Asif,Right arm Fast medium,Left hand Bat,Bowler,199
N Thushara,Right arm Medium fast,Right hand Bat,Bowler,198
J Syed Mohammad,Slow Left arm Orthodox,Left hand Bat,Bowler,196
Ashwani Kumar,Left arm Medium,Left hand Bat,,196
SMSM Senanayake,Right arm Offbreak,Right hand Bat,Bowler,195
M Siddharth,Slow Left arm Orthodox,Right hand Bat,Bowler,193
B Akhil,Right arm Medium fast,Right hand Bat,Bowler,193
SE Bond,Right arm Fast,Right hand Bat,Bowler,191
AB McDonald,Right arm Fast medium,Right hand Bat,Allrounder,188
Yash Raj Punja,Unknown,Unknown,Unknown,186
KL Nagarkoti,Right arm Fast,Right hand Bat,Bowler,185
Shahid Afridi,Legbreak Googly,Right hand Bat,Allrounder,185
IS Sodhi,Legbreak,Right hand Bat,Bowler,182
I Udana,Left arm Medium fast,Right hand Bat,Allrounder,182
KP Pietersen,Right arm Offbreak,Right hand Bat,Top order Batter,180
KMA Paul,Right arm Fast medium,Right hand Bat,Allrounder,180
S Randiv,Right arm Offbreak,Right hand Bat,Bowler,180
OC McCoy,Left arm Fast medium,Left hand Bat,Bowler,180
B Laughlin,Right arm Fast medium,Right hand Bat,Bowler,179
Kamran Khan,Left arm Medium fast,Left hand Bat,Bowler,177
S Sandeep Warrier,Right arm Medium,Right hand Bat,Bowler,176
AJ Hosein,Slow Left arm Orthodox,Left hand Bat,Bowler,175
C Bosch,Right arm Fast medium,Right hand Bat,Allrounder,171
HF Gurney,Left arm Fast medium,Right hand Bat,Bowler,169
PP Hinge,Unknown,Unknown,Unknown,168
MJ Henry,Right arm Fast medium,Right hand Bat,Bowler,166
D Pretorius,Right arm Medium fast,Right hand Bat,Bowling Allrounder,166
CK Langeveldt,Right arm Fast medium,Right hand Bat,Bowler,165
Swapnil Singh,Slow Left arm Orthodox,Right hand Bat,Bowler,165
K Khejroliya,Left arm Medium fast,Left hand Bat,Bowler,163
S Dube,Right arm Medium,Left hand Bat,Allrounder,162
Anand Rajan,Right arm Medium,Right hand Bat,Bowler,162
Gurjapneet Singh,Unknown,Unknown,Unknown,159
P Parameswaran,Left arm Medium,Right hand Bat,,159
DP Vijaykumar,Right arm Medium,Right hand Bat,,159
BE Hendricks,Left arm Fast medium,Left hand Bat,Bowler,157
AM Salvi,Right arm Medium,Right hand Bat,Bowler,156
JA Duffy,Right arm Fast medium,Right hand Bat,Bowler,156
JEC Franklin,Left arm Medium,Left hand Bat,Allrounder,155
LE Plunkett,Right arm Fast,Right hand Bat,Bowler,154
PC Valthaty,Right arm Medium,Right hand Bat,Batter,153
Umar Gul,Right arm Fast medium,Right hand Bat,Bowler,153
SB Bangar,Right arm Medium fast,Right hand Bat,,153
TL Suman,Right arm Offbreak,Right hand Bat,Batter,152
FH Edwards,Right arm Fast,Right hand Bat,Bowler,150
B Stanlake,Right arm Fast,Left hand Bat,Bowler,150
GC Viljoen,Right arm Fast,Right hand Bat,Bowler,146
Yudhvir Singh,Right arm Medium fast,Right hand Bat,Bowler,145
RR Raje,Right arm Fast medium,Right hand Bat,,144
T Thushara,Left arm Fast medium,Left hand Bat,Bowler,144
R Sathish,Right arm Medium,Right hand Bat,Allrounder,144
KM Asif,Right arm Medium,Right hand Bat,Bowler,143
S Ladda,Legbreak,Right hand Bat,Bowler,141
Mayank Dagar,Slow Left arm Orthodox,Right hand Bat,Bowler,138
V Sehwag,Right arm Offbreak,Right hand Bat,Top order Batter,138
Ashok Sharma,Unknown,Unknown,Unknown,136
P Amarnath,Right arm Medium,Right hand Bat,,132
SS Cottrell,Left arm Fast medium,Right hand Bat,Bowler,131
R Shukla,Right arm Medium,Right hand Bat,Bowler,130
MA Wood,Right arm Fast,Right hand Bat,Bowler,127
RJW Topley,Left arm Fast medium,Right hand Bat,Bowler,125
JE Taylor,Right arm Fast,Right hand Bat,Bowler,122
T Shamsi,Left arm Wrist spin,Right hand Bat,Bowler,120
M de Lange,Right arm Fast,Right hand Bat,Bowler,116
Shivam Sharma,Right arm Offbreak,Right hand Bat,,114
S Narwal,Right arm Medium,Left hand Bat,Allrounder,113
AL Menaria,Slow Left arm Orthodox,Left hand Bat,Allrounder,113
Ankit Soni,Legbreak,Right hand Bat,Allrounder,112
Jaskaran Singh,Right arm Medium,Right hand Bat,Bowler,111
A Choudhary,Left arm Medium,Right hand Bat,Bowler,108
SB Wagh,Left arm Medium fast,Left hand Bat,Allrounder,108
P Sahu,Legbreak Googly,Right hand Bat,Allrounder,107
P Suyal,Left arm Medium,Right hand Bat,Bowler,107
Arjun Tendulkar,Left arm Medium fast,Left hand Bat,Bowler,107
KMDN Kulasekara,Right arm Fast medium,Right hand Bat,Bowler,107
Shoaib Ahmed,Right arm Fast medium,Right hand Bat,,103
KJ Abbott,Right arm Fast medium,Right hand Bat,Bowler,102
GHS Garton,Left arm Fast,Left hand Bat,Bowling Allrounder,97
RV Gomez,Right arm Medium,Right hand Bat,Allrounder,97
OF Smith,Right arm Fast medium,Right hand Bat,Bowling Allrounder,95
MK Lomror,Slow Left arm Orthodox,Left hand Bat,Allrounder,94
JA Richardson,Right arm Fast,Right hand Bat,Bowler,94
Shashank Singh,"Right arm Medium, Right arm Offbreak",Right hand Bat,Batting Allrounder,93
FA Allen,Slow Left arm Orthodox,Right hand Bat,Bowling Allrounder,91
PD Collingwood,Right arm Medium,Right hand Bat,Allrounder,90
Raghu Sharma,Legbreak Googly,Right hand Bat,,90
DG Nalkande,Right arm Fast medium,Right hand Bat,Bowler,89
Sikandar Raza,Right arm Offbreak,Right hand Bat,Batting Allrounder,88
AA Jhunjhunwala,Right arm Offbreak,Right hand Bat,Batter,88
SR Dubey,Unknown,Unknown,Unknown,87
Auqib Nabi,Right arm Medium,Right hand Bat,,84
VR Iyer,Right arm Medium,Left hand Bat,Allrounder,84
Gagandeep Singh,Right arm Medium fast,Right hand Bat,,84
DJ Muthuswami,Right arm Medium,Right hand Bat,,84
RN ten Doeschate,Right arm Medium fast,Right hand Bat,Allrounder,83
Gurkeerat Singh,Right arm Offbreak,Right hand Bat,Middle order Batter,82
P Dubey,Legbreak Googly,Right hand Bat,Bowler,79
JJ van der Wath,Right arm Medium fast,Right hand Bat,Allrounder,76
WA Mota,Right arm Medium,Right hand Bat,,75
LJ Wright,Right arm Medium,Right hand Bat,Top order Batter,75
M Tiwari,Unknown,Unknown,Unknown,75
TP Sudhindra,Right arm Fast,Left hand Bat,,74
RJ Gleeson,Right arm Fast medium,Right hand Bat,Bowler,73
V Puthur,Unknown,Unknown,Unknown,73
AP Dole,Right arm Medium fast,Right hand Bat,Bowler,73
Y Nagar,Right arm Offbreak,Right hand Bat,Allrounder,72
KT Maphaka,Left-arm fast,Left-hand bat,,71
DNT Zoysa,Left arm Fast medium,Left hand Bat,Bowler,69
SM Harwood,Right arm Fast medium,Right hand Bat,Bowler,67
K Goel,Right arm Offbreak,Left hand Bat,Opening Batter,67
Ramandeep Singh,Right arm Medium,Right hand Bat,Middle order Batter,66
MG Bracewell,Right arm Offbreak,Left hand Bat,Batting Allrounder,66
A Flintoff,Right arm Fast medium,Right hand Bat,Allrounder,66
MJ Clarke,Slow Left arm Orthodox,Right hand Bat,Middle order Batter,66
W O'Rourke,Right arm Fast medium,Right hand Bat,,64
TM Head,Right arm Offbreak,Left hand Bat,Middle order Batter,64
O Thomas,Right arm Fast,Left hand Bat,Bowler,63
Mohammad Hafeez,Right arm Offbreak,Right hand Bat,Allrounder,63
JW Hastings,Right arm Fast medium,Right hand Bat,Allrounder,61
Abhinandan Singh,Unknown,Unknown,Unknown,60
AU Rashid,Legbreak,Right hand Bat,Bowler,60
V Viyaskanth,Legbreak,Right hand Bat,Bowler,60
SA Abbott,Right arm Fast medium,Right hand Bat,Allrounder,59
Abdul Samad,Legbreak,Right hand Bat,Batter,58
Shoaib Malik,Right arm Offbreak,Right hand Bat,Allrounder,58
ND Doshi,Slow Left arm Orthodox,Right hand Bat,Bowler,57
K Upadhyay,Right arm Medium,Right hand Bat,,56
AC Voges,Slow Left arm Orthodox,Right hand Bat,Top order Batter,56
SB Joshi,Slow Left arm Orthodox,Left hand Bat,Allrounder,55
K Yadav,Left arm Fast medium,Left hand Bat,Bowler,54
Naman Dhir,Right-arm offbreak,Right-hand bat,,53
KAJ Roach,Right arm Fast medium,Right hand Bat,Bowler,52
DJ Mitchell,Right arm Medium,Right hand Bat,Allrounder,51
K Santokie,Left arm Medium,Left hand Bat,Bowler,51
D Salunkhe,Legbreak,Right hand Bat,Bowler,51
C Nanda,Legbreak,Right hand Bat,,50
SC Kuggeleijn,Right arm Fast medium,Right hand Bat,Bowling Allrounder,50
D Kalyankrishna,Right arm Medium fast,Right hand Bat,,50
MJ Suthar,Slow Left arm Orthodox,Left hand Bat,,50
S Dhawan,Right arm Offbreak,Left hand Bat,Opening Batter,49
B Geeves,Right arm Fast medium,Right hand Bat,Bowler,49
RJ Peterson,Slow Left arm Orthodox,Left hand Bat,Bowler,48
GS Sandhu,Right arm Fast medium,Left hand Bat,Bowler,48
JM Kemp,Right arm Fast medium,Right hand Bat,Bowling Allrounder,47
SS Mishra,Unknown,Unknown,Unknown,47
CL White,Legbreak Googly,Right hand Bat,Middle order Batter,46
SE Rutherford,Right arm Fast medium,Left hand Bat,Middle order Batter,46
KR Mayers,Right arm Medium,Left hand Bat,Batting Allrounder,46
Shoaib Akhtar,Right arm Fast,Right hand Bat,Bowler,46
JPR Scantlebury-Searles,Right arm Fast medium,Right hand Bat,Bowling Allrounder,45
L Ablish,Right arm Medium fast,Right hand Bat,Bowler,45
MK Tiwary,Legbreak Googly,Right hand Bat,Batter,45
MW Short,Right arm Offbreak,Right hand Bat,Top order Batter,45
DJ Thornely,"Right arm Medium, Right arm Offbreak",Right hand Bat,Top order Batter,44
AJ Finch,Slow Left arm Orthodox,Right hand Bat,Top order Batter,44
B Muzarabani,Right arm Fast medium,Right hand Bat,Bowler,44
GH Vihari,Right arm Offbreak,Right hand Bat,Batting Allrounder,43
RS Hangargekar,Right arm Medium,Right hand Bat,Bowling Allrounder,43
D du Preez,Right arm Fast medium,Right hand Bat,,43
SM Boland,Right arm Fast medium,Right hand Bat,Bowler,43
PHKD Mendis,"Right arm Offbreak, Slow Left arm Orthodox",Left hand Bat,Allrounder,42
M Manhas,Right arm Offbreak,Right hand Bat,Allrounder,42
LB Williams,Right arm Medium fast,Left hand Bat,Bowler,42
CJ McKay,Right arm Fast medium,Right hand Bat,Bowler,42
AUK Pathan,Right arm Medium,Right hand Bat,Bowler,41
A Badoni,Right arm Offbreak,Right hand Bat,Batter,41
MD Shanaka,Right arm Medium,Right hand Bat,Allrounder,38
A Uniyal,Left arm Medium,Left hand Bat,,38
L Wood,Left arm Fast medium,Left hand Bat,Bowling Allrounder,38
SD Chitnis,Right arm Offbreak,Right hand Bat,Batter,38
M Vijay,Right arm Offbreak,Right hand Bat,Opening Batter,37
SSB Magala,Right arm Fast medium,Right hand Bat,Bowler,37
RG More,Right arm Medium,Right hand Bat,Bowler,37
T Stubbs,Right arm Offbreak,Right hand Bat,Wicketkeeper Batter,37
SR Tendulkar,"Right arm Offbreak, Legbreak Googly",Right hand Bat,Top order Batter,37
GF Linde,Slow Left arm Orthodox,Left hand Bat,Allrounder,37
R Ninan,Right arm Offbreak,Right hand Bat,Allrounder,36
KA Maharaj,Slow Left arm Orthodox,Right hand Bat,Bowler,36
T Henderson,Right arm Fast medium,Right hand Bat,Bowler,36
Krish Bhagat,Unknown,Unknown,Unknown,36
PH Solanki,Legbreak,Right hand Bat,Bowler,36
SZ Mulani,Slow Left arm Orthodox,Left hand Bat,Allrounder,33
Y Prithvi Raj,Left arm Medium,Left hand Bat,Bowler,33
RA Bawa,Right arm Medium fast,Left hand Bat,Allrounder,32
VS Yeligati,Right arm Offbreak,Right hand Bat,,32
DA Payne,Left arm Fast medium,Right hand Bat,Bowler,31
GD Phillips,Right arm Offbreak,Right hand Bat,Wicketkeeper Batter,31
PM Sarvesh Kumar,Right arm Medium,Right hand Bat,,31
NL McCullum,Right arm Offbreak,Right hand Bat,Bowler,30
AS Raut,Legbreak Googly,Right hand Bat,Allrounder,30
BMAJ Mendis,Legbreak,Left hand Bat,Allrounder,30
S Joseph,Right-arm fast,Left-hand bat,,30
H Sharma,Legbreak,Right hand Bat,Bowler,30
MA Khote,Right arm Medium,Right hand Bat,,30
PVSN Raju,Unknown,Unknown,Unknown,29
D Jansen,Left arm Medium,Left hand Bat,,28
D Madushanka,Left arm Medium fast,Right hand Bat,Bowler,28
Mashrafe Mortaza,Right arm Fast medium,Right hand Bat,Bowler,28
IC Porel,Right arm Medium,Right hand Bat,Bowler,26
BJ Dwarshuis,Left arm Fast medium,Left hand Bat,Bowler,26
NB Singh,Right arm Medium,Right hand Bat,Bowler,25
SS Sarkar,Right arm Medium,Right hand Bat,Bowler,25
MG Neser,Right arm Medium fast,Right hand Bat,Bowling Allrounder,25
A Dananjaya,"Right arm Offbreak, Legbreak",Left hand Bat,Allrounder,25
DAJ Bracewell,Right arm Fast medium,Right hand Bat,Bowler,25
AA Noffke,Right arm Fast medium,Right hand Bat,Allrounder,25
R Goyal,Left arm Wrist spin,Left hand Bat,Bowler,24
GR Napier,Right arm Medium,Right hand Bat,Bowling Allrounder,24
P Ray Barman,Legbreak Googly,Right hand Bat,Bowler,24
V Kaverappa,Right arm Fast medium,Right hand Bat,Bowler,24
SS Agarwal,Legbreak Googly,Right hand Bat,,24
Tilak Varma,Right arm Offbreak,Left hand Bat,Batting Allrounder,23
Sumit Kumar,Right arm Medium fast,Right hand Bat,Allrounder,22
R Powell,Right arm Medium fast,Right hand Bat,Middle order Batter,21
Tejas Baroka,Legbreak Googly,Right hand Bat,Bowler,21
Vivrant Sharma,Legbreak Googly,Left hand Bat,,21
Gurnoor Brar,Right arm Fast,Left hand Bat,Bowler,21
RV Patel,Right arm Medium fast,Right hand Bat,Middle order Batter,20
CJ Dala,Right arm Medium,Right hand Bat,Bowler,19
Sunny Gupta,Right arm Offbreak,Right hand Bat,,19
LI Meriwala,Left arm Fast medium,Left hand Bat,Bowler,19
MB Parmar,Right arm Offbreak,Right hand Bat,,19
Suryansh Shedge,Unknown,Unknown,Unknown,19
LMP Simmons,Right arm Medium fast,Right hand Bat,Top order Batter,18
DJ Harris,Right arm Medium,Right hand Bat,,18
RW Price,Slow Left arm Orthodox,Right hand Bat,Bowler,18
NJ Rimmington,Right arm Fast medium,Right hand Bat,Bowler,18
M Shahrukh Khan,Right arm Offbreak,Right hand Bat,Batter,18
KS Williamson,Right arm Offbreak,Right hand Bat,Top order Batter,18
S Sriram,Slow Left arm Orthodox,Left hand Bat,Middle order Batter,18
D Ferreira,Unknown,Unknown,Unknown,18
Jalaj S Saxena,"Right arm Offbreak, Legbreak Googly",Right hand Bat,Allrounder,18
RS Ghosh,Unknown,Unknown,Unknown,18
DB Ravi Teja,Legbreak Googly,Right hand Bat,Batter,18
A Nel,Right arm Fast medium,Right hand Bat,Bowler,18
DJM Short,Left arm Wrist spin,Left hand Bat,Opening Batter,18
N Wadhera,Legbreak,Left hand Bat,Top order Batter,17
CK Kapugedera,Right arm Medium,Right hand Bat,Middle order Batter,17
CJ Green,Right arm Offbreak,Right hand Bat,Bowling Allrounder,17
Monu Kumar,Right arm Medium,Right hand Bat,Bowling Allrounder,16
S Rana,Right arm Medium fast,Right hand Bat,Bowler,16
NA Saini,Right arm Fast,Right hand Bat,Bowler,15
R Sanjay Yadav,Slow Left arm Orthodox,Left hand Bat,Allrounder,14
Abdur Razzak,Slow Left arm Orthodox,Left hand Bat,Bowler,14
AA Kazi,Slow Left arm Orthodox,Left hand Bat,Bowler,13
S Vidyut,Slow Left arm Orthodox,Left hand Bat,Batting Allrounder,13
LRPL Taylor,Right arm Offbreak,Right hand Bat,Middle order Batter,13
Arshad Khan (2),Left arm Medium,Left hand Bat,Bowler,13
S Midhun,Legbreak Googly,Right hand Bat,Bowler,13
Mohit Rathee,Legbreak,Right hand Bat,Allrounder,12
Musheer Khan,Unknown,Unknown,Unknown,12
RR Bhatkal,Right arm Medium,Right hand Bat,Allrounder,12
Mandeep Singh,Right arm Medium,Right hand Bat,Allrounder,12
JE Root,"Right arm Offbreak, Legbreak",Right hand Bat,Top order Batter,12
RR Bose,Right arm Fast medium,Right hand Bat,,12
C Munro,Right arm Medium fast,Left hand Bat,Opening Batter,12
FY Fazal,Right arm Medium,Left hand Bat,Opening Batter,12
PR Veer,Slow left-arm orthodox,Right-hand bat,,12
R Ravindra,Slow Left arm Orthodox,Left hand Bat,Batting Allrounder,12
T Vijay,Right-arm offbreak,Right-hand bat,,12
Sachin Baby,Right arm Offbreak,Left hand Bat,Batter,10
LA Carseldine,Left arm Medium,Left hand Bat,Allrounder,7
BJ Rohrer,Unknown,Unknown,Unknown,7
SS Mundhe,Right arm Medium,Right hand Bat,Allrounder,7
Gulbadin Naib,Right arm Medium fast,Right hand Bat,Batting Allrounder,6
C Ganapathy,Right arm Medium,Right hand Bat,,6
AM Rahane,Right arm Medium,Right hand Bat,Top order Batter,6
Karim Janat,Right arm Medium,Right hand Bat,Bowling Allrounder,6
Y Gnaneswara Rao,Right arm Medium,Right hand Bat,Allrounder,6
RA Shaikh,Left arm Medium,Left hand Bat,,6
P Prasanth,Slow Left arm Orthodox,Left hand Bat,Allrounder,6
PWA Mulder,Right arm Medium,Right hand Bat,Allrounder,6
B Chipli,Right arm Medium,Right hand Bat,Batter,6
RA Tripathi,Right arm Medium,Right hand Bat,Top order Batter,6
Aman Hakim Khan,Right arm Medium,Right hand Bat,Bowler,6
RS Gavaskar,Slow Left arm Orthodox,Left hand Bat,,6
SA Yadav,"Right arm Medium, Right arm Offbreak",Right hand Bat,Batter,6
LPC Silva,Legbreak,Right hand Bat,Batter,6
TH David,Right arm Offbreak,Right hand Bat,Middle order Batter,6
SS Iyer,"Right arm Offbreak, Legbreak Googly",Right hand Bat,Top order Batter,6
F du Plessis,Legbreak,Right hand Bat,Middle order Batter,6
I Malhotra,Right arm Medium fast,Right hand Bat,Bowler,6
D Brevis,Legbreak,Right hand Bat,Batting Allrounder,3
DA Warner,Legbreak,Left hand Bat,Opening Batter,2
SPD Smith,Legbreak Googly,Right hand Bat,Middle order Batter,2
SN Khan,Legbreak,Right hand Bat,Middle order Batter,2
YBK Jaiswal,Legbreak,Left hand Bat,Opening Batter,1
AC Gilchrist,Right arm Offbreak,Left hand Bat,Wicketkeeper Batter,1
Atharva Taide,Slow Left arm Orthodox,Left hand Bat,Batting Allrounder,1
Ishan Kishan,Unknown,Unknown,Unknown,1
